category,name,price,description
Deals,The Grand Birthday,5499,2 Beef Smash Burgers; 2 Grilled Burgers; 2 Signature Shawarmas; 12 Chicken Nuggets; 2-Pound Cake; Plain Fries; 1.5L Cool Drink
Deals,The Family Royal,2499,2 Zinger Burgers; 2 Regular Shawarmas; 12 Chicken Wings; Masala Fries; 1.5L Cool Drink
Deals,The Four's Feast,2599,4 Zinger Burgers; 4 Fried Chicken Pieces; Plain Fries; 1.5L Cool Drink
Deals,The Trio,1599,3 Grilled Burgers; Half Plain Fries; 1L Cool Drink
Deals,The Duo,1149,2 Zinger or Grilled Burgers; Half Plain Fries; 2 Regular Cool Drinks
Deals,The Beef & Crunch,2999,4 Beef Burgers; 4 Chicken Strips; 1.5L Cool Drink
Deals,The Rice Feast,1999,Serves 4 persons; Chicken BBQ Malai Boti Rice Bowl; Chicken BBQ Boneless Rice Bowl; Chicken Grilled Rice Bowl; Chicken Crunchy Rice Bowl; 1.5L Cool Drink
Deals,Desi 4-Person Deal,2199,Half kg Fish; Half kg BBQ Tikka; 6 Plain Rotis; 4 Mint Raitas; 1.5L Cool Drink
Deals,Desi 6-Person Deal,4099,Half kg Fish; Half kg Malai Boti; Half kg Chicken Kebab; 1 kg Tikka Boti; 8 Plain Rotis; 6 Mint Raitas; 1.5L Cool Drink
Starters,Chicken Nuggets 6 pcs,349,
Starters,Chicken Nuggets 12 pcs,649,
Starters,Chicken Wings 6 pcs,399,
Starters,Chicken Wings 12 pcs,749,
Starters,Oven-Baked Wings 6 pcs,399,
Starters,Oven-Baked Wings 12 pcs,749,
Starters,BBQ Wings 6 pcs,399,
Starters,BBQ Wings 12 pcs,749,
Starters,Chicken Fried Strips 5 pcs,499,
Starters,Chicken Fried Strips 10 pcs,899,
Burgers,Beef Smash Burger Single Patty with Cheese,649,
Burgers,Beef Smash Burger Double Patty,949,
Burgers,Beef Smash Burger Triple Patty,1249,
Burgers,Grilled Special Burger Single Fillet,499,
Burgers,Grilled Burger Double Fillet,749,
Burgers,Big Mouth Burger with Cheese,799,
Burgers,Zinger Burger,449,
Burgers,Chicken Burger with Fries,449,
Shawarma,Grilled Shawarma,449,
Shawarma,Zinger Shawarma,399,
Shawarma,Chicken Shawarma,330,
Shawarma,Grilled Shawarma Platter,799,
Shawarma,Chicken Shawarma Platter,649,
Shawarma,Zinger Shawarma Platter,799,
Wraps & Rolls,Grilled Wrap,699,
Wraps & Rolls,Crunchy Wrap,699,
Wraps & Rolls,Jenzy Special Roll,549,
Wraps & Rolls,Malai Boti Roll,499,
Wraps & Rolls,Chicken Tikka Roll,499,
Sandwiches,Grilled Sandwich with Fries,649,
Sandwiches,Chicken Sandwich with Fries,499,
Sandwiches,Club Sandwich with Fries,449,
Fries,Loaded Fries,599,
Fries,Plain Fries Half,149,
Fries,Plain Fries Full,299,
Fries,Masala Fries Half,199,
Fries,Masala Fries Full,349,
Fries,Garlic Fries Half,249,
Fries,Garlic Fries Full,399,
Pasta,Alfredo Pasta,799,
Pasta,Crunchy Pasta,649,
Pasta,Creamy Pasta,649,
Rice Bowls,Chicken Grilled Rice Bowl,499,
Rice Bowls,Chicken Crunchy Rice Bowl,499,
Rice Bowls,Chicken BBQ Malai Boti Rice Bowl,499,
Rice Bowls,Chicken BBQ Boneless Rice Bowl,499,
BBQ,Jenzy Special Boneless Tikka Half,1045,
BBQ,Jenzy Special Boneless Tikka Full,1999,
BBQ,Malai Boti Half,999,
BBQ,Malai Boti Full,1899,
BBQ,Chicken Tikka Half,949,
BBQ,Chicken Tikka Full,1799,
BBQ,Chicken Kebab Half,799,
BBQ,Chicken Kebab Full,1499,
BBQ,Chicken Reshmi Kebab Half,899,
BBQ,Chicken Reshmi Kebab Full,1699,
BBQ,Chicken Cheese Kebab Half,1099,
BBQ,Chicken Cheese Kebab Full,1999,
Fish,Boneless Fingers Fish Quarter,799,
Fish,Boneless Fingers Fish Half,1549,
Fish,Boneless Fingers Fish Full,2999,
Fish,Boneless Fish Tikka Quarter,799,
Fish,Boneless Fish Tikka Half,1549,
Fish,Boneless Fish Tikka Full,2999,
Fish,Grilled Rahu Fish Half,899,
Fish,Grilled Rahu Fish Full,1699,
Fish,Fish Fry Rahu Half,899,
Fish,Fish Fry Rahu Full,1699,
Breakfast,Khowa Wale Channay Half,149,
Breakfast,Khowa Wale Channay Full,249,
Breakfast,Chicken Channay Half,249,
Breakfast,Chicken Channay Full,399,
Breakfast,Anda,60,
Breakfast,Kofta,60,
Naan & Sides,Plain Naan,30,
Naan & Sides,Rogni Naan,80,
Naan & Sides,Raita,80,
Naan & Sides,Salad,80,
Sauces,Jenzy Special Sauce,99,
Sauces,Honey Mustard Sauce,99,
Sauces,Peri Peri Sauce,99,
Sauces,Shapotle Sauce,99,
Sauces,Mint Sauce,99,
Chai & Lassi,Jenzy Special Doodh Patti Chai,149,
Chai & Lassi,Regular Chai,100,
Chai & Lassi,Lassi,199,
Cold Drinks,Cold Drink 345 ml,100,
Cold Drinks,Cold Drink 500 ml,150,
Cold Drinks,Cold Drink 1 Litre,200,
Cold Drinks,Cold Drink 1.5 Litre,250,
Cold Drinks,Water 500 ml,60,
Cold Drinks,Water 1.5 Litre,120,
